<?xml version="1.0" encoding="UTF-8"?>
<project-private xmlns="http://www.netbeans.org/ns/project-private/1">
    <editor-bookmarks xmlns="http://www.netbeans.org/ns/editor-bookmarks/2" lastBookmarkId="0"/>
    <open-files xmlns="http://www.netbeans.org/ns/projectui-open-files/2">
        <group>
            <file>file:/D:/JavaPrograms/ProjektPO-Java/src/mainWindows/FilterWindow.java</file>
            <file>file:/D:/JavaPrograms/ProjektPO-Java/src/classes/misc/Kraj.java</file>
            <file>file:/D:/JavaPrograms/ProjektPO-Java/src/classes/misc/Gatunek.java</file>
            <file>file:/D:/JavaPrograms/ProjektPO-Java/src/classes/misc/Umowa.java</file>
            <file>file:/D:/JavaPrograms/ProjektPO-Java/src/classes/runnables/Dystrybutor.java</file>
            <file>file:/D:/JavaPrograms/ProjektPO-Java/src/classes/entities/Product.java</file>
            <file>file:/D:/JavaPrograms/ProjektPO-Java/src/classes/misc/Platforma.java</file>
            <file>file:/D:/JavaPrograms/ProjektPO-Java/src/mainWindows/Okno.java</file>
            <file>file:/D:/JavaPrograms/ProjektPO-Java/src/classes/misc/WpisBiblioteczny.java</file>
            <file>file:/D:/JavaPrograms/ProjektPO-Java/src/classes/entities/Serial.java</file>
            <file>file:/D:/JavaPrograms/ProjektPO-Java/src/classes/entities/Stream.java</file>
            <file>file:/D:/JavaPrograms/ProjektPO-Java/src/mainWindows/InfoWindow.java</file>
            <file>file:/D:/JavaPrograms/ProjektPO-Java/src/classes/runnables/Byt.java</file>
            <file>file:/D:/JavaPrograms/ProjektPO-Java/src/mainWindows/PopupWindow.java</file>
            <file>file:/D:/JavaPrograms/ProjektPO-Java/src/classes/misc/Symulacja.java</file>
            <file>file:/D:/JavaPrograms/ProjektPO-Java/src/classes/runnables/ExtThread.java</file>
            <file>file:/D:/JavaPrograms/ProjektPO-Java/src/classes/runnables/Klient.java</file>
            <file>file:/D:/JavaPrograms/ProjektPO-Java/src/classes/misc/Promocja.java</file>
            <file>file:/D:/JavaPrograms/ProjektPO-Java/src/classes/misc/Utilities.java</file>
            <file>file:/D:/JavaPrograms/ProjektPO-Java/src/classes/misc/Subscription.java</file>
        </group>
    </open-files>
</project-private>
